Workbook

Sheet Resource Allocation
A1: Employee Name | B1: Role | C1: Project Name | D1: Week Start Date | E1: Allocation % | F1: Billable (Y/N)
A2: Aditi Rao | B2: Business Analyst | C2: Loan Origination Revamp | D2: 46259 | E2: 60 | F2: Y
A3: Aditi Rao | B3: Business Analyst | C3: Loan Origination Revamp | D3: 46266 | E3: 65 | F3: Y
A4: Aditi Rao | B4: Business Analyst | C4: Loan Origination Revamp | D4: 46273 | E4: 70 | F4: Y
A5: Aditi Rao | B5: Business Analyst | C5: Loan Origination Revamp | D5: 46280 | E5: 75 | F5: Y
A6: Aditi Rao | B6: Business Analyst | C6: Collections Dashboard | D6: 46259 | E6: 30 | F6: Y
A7: Aditi Rao | B7: Business Analyst | C7: Collections Dashboard | D7: 46266 | E7: 30 | F7: Y
A8: Aditi Rao | B8: Business Analyst | C8: Collections Dashboard | D8: 46273 | E8: 30 | F8: Y
A9: Aditi Rao | B9: Business Analyst | C9: Collections Dashboard | D9: 46280 | E9: 30 | F9: Y
A10: Rohan Mehta | B10: PMO Analyst | C10: Loan Origination Revamp | D10: 46259 | E10: 30 | F10: Y
A11: Rohan Mehta | B11: PMO Analyst | C11: Loan Origination Revamp | D11: 46266 | E11: 30 | F11: Y
A12: Rohan Mehta | B12: PMO Analyst | C12: Loan Origination Revamp | D12: 46273 | E12: 30 | F12: Y
A13: Rohan Mehta | B13: PMO Analyst | C13: Loan Origination Revamp | D13: 46280 | E13: 30 | F13: Y
... A109: Arjun Menon | B109: PMO Analyst | C109: Compliance Reporting Upgrade | D109: 46280 | E109: 35 | F109: N

Sheet Allocation Trend Summary
A1: Employee Name | B1: Wk1 Total % (25-Aug) | C1: Wk2 Total % (01-Sep) | D1: Wk3 Total % (08-Sep) | E1: Wk4 Total % (15-Sep) | F1: Trend (Wk4 - Wk1) | G1: Status (Wk4)
A2: Aditi Rao | B2: =SUMIFS('Resource Allocation'!$E$2:$E$109,'Resource Allocation'!$A$2:$A$109,A2,'Resource Allocation'!$D$2:$D$109,DATE(2026,8,25)) -> 90 | C2: =SUMIFS('Resource Allocation'!$E$2:$E$109,'Resource Allocation'!$A$2:$A$109,A2,'Resource Allocation'!$D$2:$D$109,DATE(2026,9,1)) -> 95 | D2: =SUMIFS('Resource Allocation'!$E$2:$E$109,'Resource Allocation'!$A$2:$A$109,A2,'Resource Allocation'!$D$2:$D$109,DATE(2026,9,8)) -> 100 | E2: =SUMIFS('Resource Allocation'!$E$2:$E$109,'Resource Allocation'!$A$2:$A$109,A2,'Resource Allocation'!$D$2:$D$109,DATE(2026,9,15)) -> 105 | F2: =E2-B2 -> 15 | G2: =IF(E2>100,"Overallocated",IF(E2<70,"Underutilized","Optimal")) -> Overallocated
A3: Rohan Mehta | B3: =SUMIFS('Resource Allocation'!$E$2:$E$109,'Resource Allocation'!$A$2:$A$109,A3,'Resource Allocation'!$D$2:$D$109,DATE(2026,8,25)) -> 80 | C3: =SUMIFS('Resource Allocation'!$E$2:$E$109,'Resource Allocation'!$A$2:$A$109,A3,'Resource Allocation'!$D$2:$D$109,DATE(2026,9,1)) -> 85 | D3: =SUMIFS('Resource Allocation'!$E$2:$E$109,'Resource Allocation'!$A$2:$A$109,A3,'Resource Allocation'!$D$2:$D$109,DATE(2026,9,8)) -> 90 | E3: =SUMIFS('Resource Allocation'!$E$2:$E$109,'Resource Allocation'!$A$2:$A$109,A3,'Resource Allocation'!$D$2:$D$109,DATE(2026,9,15)) -> 95 | F3: =E3-B3 -> 15 | G3: =IF(E3>100,"Overallocated",IF(E3<70,"Underutilized","Optimal")) -> Optimal
A4: Sneha Kulkarni | B4: =SUMIFS('Resource Allocation'!$E$2:$E$109,'Resource Allocation'!$A$2:$A$109,A4,'Resource Allocation'!$D$2:$D$109,DATE(2026,8,25)) -> 70 | C4: =SUMIFS('Resource Allocation'!$E$2:$E$109,'Resource Allocation'!$A$2:$A$109,A4,'Resource Allocation'!$D$2:$D$109,DATE(2026,9,1)) -> 75 | D4: =SUMIFS('Resource Allocation'!$E$2:$E$109,'Resource Allocation'!$A$2:$A$109,A4,'Resource Allocation'!$D$2:$D$109,DATE(2026,9,8)) -> 80 | E4: =SUMIFS('Resource Allocation'!$E$2:$E$109,'Resource Allocation'!$A$2:$A$109,A4,'Resource Allocation'!$D$2:$D$109,DATE(2026,9,15)) -> 85 | F4: =E4-B4 -> 15 | G4: =IF(E4>100,"Overallocated",IF(E4<70,"Underutilized","Optimal")) -> Optimal
A5: Karan Bhatia | B5: =SUMIFS('Resource Allocation'!$E$2:$E$109,'Resource Allocation'!$A$2:$A$109,A5,'Resource Allocation'!$D$2:$D$109,DATE(2026,8,25)) -> 90 | C5: =SUMIFS('Resource Allocation'!$E$2:$E$109,'Resource Allocation'!$A$2:$A$109,A5,'Resource Allocation'!$D$2:$D$109,DATE(2026,9,1)) -> 95 | D5: =SUMIFS('Resource Allocation'!$E$2:$E$109,'Resource Allocation'!$A$2:$A$109,A5,'Resource Allocation'!$D$2:$D$109,DATE(2026,9,8)) -> 100 | E5: =SUMIFS('Resource Allocation'!$E$2:$E$109,'Resource Allocation'!$A$2:$A$109,A5,'Resource Allocation'!$D$2:$D$109,DATE(2026,9,15)) -> 105 | F5: =E5-B5 -> 15 | G5: =IF(E5>100,"Overallocated",IF(E5<70,"Underutilized","Optimal")) -> Overallocated
A6: Priya Nair | B6: =SUMIFS('Resource Allocation'!$E$2:$E$109,'Resource Allocation'!$A$2:$A$109,A6,'Resource Allocation'!$D$2:$D$109,DATE(2026,8,25)) -> 70 | C6: =SUMIFS('Resource Allocation'!$E$2:$E$109,'Resource Allocation'!$A$2:$A$109,A6,'Resource Allocation'!$D$2:$D$109,DATE(2026,9,1)) -> 70 | D6: =SUMIFS('Resource Allocation'!$E$2:$E$109,'Resource Allocation'!$A$2:$A$109,A6,'Resource Allocation'!$D$2:$D$109,DATE(2026,9,8)) -> 70 | E6: =SUMIFS('Resource Allocation'!$E$2:$E$109,'Resource Allocation'!$A$2:$A$109,A6,'Resource Allocation'!$D$2:$D$109,DATE(2026,9,15)) -> 70 | F6: =E6-B6 -> 0 | G6: =IF(E6>100,"Overallocated",IF(E6<70,"Underutilized","Optimal")) -> Optimal
A7: Amit Deshmukh | B7: =SUMIFS('Resource Allocation'!$E$2:$E$109,'Resource Allocation'!$A$2:$A$109,A7,'Resource Allocation'!$D$2:$D$109,DATE(2026,8,25)) -> 90 | C7: =SUMIFS('Resource Allocation'!$E$2:$E$109,'Resource Allocation'!$A$2:$A$109,A7,'Resource Allocation'!$D$2:$D$109,DATE(2026,9,1)) -> 85 | D7: =SUMIFS('Resource Allocation'!$E$2:$E$109,'Resource Allocation'!$A$2:$A$109,A7,'Resource Allocation'!$D$2:$D$109,DATE(2026,9,8)) -> 80 | E7: =SUMIFS('Resource Allocation'!$E$2:$E$109,'Resource Allocation'!$A$2:$A$109,A7,'Resource Allocation'!$D$2:$D$109,DATE(2026,9,15)) -> 75 | F7: =E7-B7 -> -15 | G7: =IF(E7>100,"Overallocated",IF(E7<70,"Underutilized","Optimal")) -> Optimal
A8: Farida Sheikh | B8: =SUMIFS('Resource Allocation'!$E$2:$E$109,'Resource Allocation'!$A$2:$A$109,A8,'Resource Allocation'!$D$2:$D$109,DATE(2026,8,25)) -> 90 | C8: =SUMIFS('Resource Allocation'!$E$2:$E$109,'Resource Allocation'!$A$2:$A$109,A8,'Resource Allocation'!$D$2:$D$109,DATE(2026,9,1)) -> 95 | D8: =SUMIFS('Resource Allocation'!$E$2:$E$109,'Resource Allocation'!$A$2:$A$109,A8,'Resource Allocation'!$D$2:$D$109,DATE(2026,9,8)) -> 100 | E8: =SUMIFS('Resource Allocation'!$E$2:$E$109,'Resource Allocation'!$A$2:$A$109,A8,'Resource Allocation'!$D$2:$D$109,DATE(2026,9,15)) -> 105 | F8: =E8-B8 -> 15 | G8: =IF(E8>100,"Overallocated",IF(E8<70,"Underutilized","Optimal")) -> Overallocated
A9: Vikram Joshi | B9: =SUMIFS('Resource Allocation'!$E$2:$E$109,'Resource Allocation'!$A$2:$A$109,A9,'Resource Allocation'!$D$2:$D$109,DATE(2026,8,25)) -> 70 | C9: =SUMIFS('Resource Allocation'!$E$2:$E$109,'Resource Allocation'!$A$2:$A$109,A9,'Resource Allocation'!$D$2:$D$109,DATE(2026,9,1)) -> 65 | D9: =SUMIFS('Resource Allocation'!$E$2:$E$109,'Resource Allocation'!$A$2:$A$109,A9,'Resource Allocation'!$D$2:$D$109,DATE(2026,9,8)) -> 60 | E9: =SUMIFS('Resource Allocation'!$E$2:$E$109,'Resource Allocation'!$A$2:$A$109,A9,'Resource Allocation'!$D$2:$D$109,DATE(2026,9,15)) -> 55 | F9: =E9-B9 -> -15 | G9: =IF(E9>100,"Overallocated",IF(E9<70,"Underutilized","Optimal")) -> Underutilized
A10: Neha Kapoor | B10: =SUMIFS('Resource Allocation'!$E$2:$E$109,'Resource Allocation'!$A$2:$A$109,A10,'Resource Allocation'!$D$2:$D$109,DATE(2026,8,25)) -> 80 | C10: =SUMIFS('Resource Allocation'!$E$2:$E$109,'Resource Allocation'!$A$2:$A$109,A10,'Resource Allocation'!$D$2:$D$109,DATE(2026,9,1)) -> 85 | D10: =SUMIFS('Resource Allocation'!$E$2:$E$109,'Resource Allocation'!$A$2:$A$109,A10,'Resource Allocation'!$D$2:$D$109,DATE(2026,9,8)) -> 90 | E10: =SUMIFS('Resource Allocation'!$E$2:$E$109,'Resource Allocation'!$A$2:$A$109,A10,'Resource Allocation'!$D$2:$D$109,DATE(2026,9,15)) -> 95 | F10: =E10-B10 -> 15 | G10: =IF(E10>100,"Overallocated",IF(E10<70,"Underutilized","Optimal")) -> Optimal
A11: Suresh Iyer | B11: =SUMIFS('Resource Allocation'!$E$2:$E$109,'Resource Allocation'!$A$2:$A$109,A11,'Resource Allocation'!$D$2:$D$109,DATE(2026,8,25)) -> 80 | C11: =SUMIFS('Resource Allocation'!$E$2:$E$109,'Resource Allocation'!$A$2:$A$109,A11,'Resource Allocation'!$D$2:$D$109,DATE(2026,9,1)) -> 80 | D11: =SUMIFS('Resource Allocation'!$E$2:$E$109,'Resource Allocation'!$A$2:$A$109,A11,'Resource Allocation'!$D$2:$D$109,DATE(2026,9,8)) -> 80 | E11: =SUMIFS('Resource Allocation'!$E$2:$E$109,'Resource Allocation'!$A$2:$A$109,A11,'Resource Allocation'!$D$2:$D$109,DATE(2026,9,15)) -> 95 | F11: =E11-B11 -> 15 | G11: =IF(E11>100,"Overallocated",IF(E11<70,"Underutilized","Optimal")) -> Optimal
A12: Ritu Malhotra | B12: =SUMIFS('Resource Allocation'!$E$2:$E$109,'Resource Allocation'!$A$2:$A$109,A12,'Resource Allocation'!$D$2:$D$109,DATE(2026,8,25)) -> 70 | C12: =SUMIFS('Resource Allocation'!$E$2:$E$109,'Resource Allocation'!$A$2:$A$109,A12,'Resource Allocation'!$D$2:$D$109,DATE(2026,9,1)) -> 75 | D12: =SUMIFS('Resource Allocation'!$E$2:$E$109,'Resource Allocation'!$A$2:$A$109,A12,'Resource Allocation'!$D$2:$D$109,DATE(2026,9,8)) -> 80 | E12: =SUMIFS('Resource Allocation'!$E$2:$E$109,'Resource Allocation'!$A$2:$A$109,A12,'Resource Allocation'!$D$2:$D$109,DATE(2026,9,15)) -> 85 | F12: =E12-B12 -> 15 | G12: =IF(E12>100,"Overallocated",IF(E12<70,"Underutilized","Optimal")) -> Optimal
A13: Arjun Menon | B13: =SUMIFS('Resource Allocation'!$E$2:$E$109,'Resource Allocation'!$A$2:$A$109,A13,'Resource Allocation'!$D$2:$D$109,DATE(2026,8,25)) -> 60 | C13: =SUMIFS('Resource Allocation'!$E$2:$E$109,'Resource Allocation'!$A$2:$A$109,A13,'Resource Allocation'!$D$2:$D$109,DATE(2026,9,1)) -> 65 | D13: =SUMIFS('Resource Allocation'!$E$2:$E$109,'Resource Allocation'!$A$2:$A$109,A13,'Resource Allocation'!$D$2:$D$109,DATE(2026,9,8)) -> 70 | E13: =SUMIFS('Resource Allocation'!$E$2:$E$109,'Resource Allocation'!$A$2:$A$109,A13,'Resource Allocation'!$D$2:$D$109,DATE(2026,9,15)) -> 75 | F13: =E13-B13 -> 15 | G13: =IF(E13>100,"Overallocated",IF(E13<70,"Underutilized","Optimal")) -> Optimal
A15: Trend column shows the change in total allocation from Week 1 to Week 4. A large positive number flags someone heading toward overallocation before it becomes a problem.

Sheet Project Status
A1: Project Name | B1: Project Manager | C1: Sponsor | D1: Week Start Date | E1: % Complete | F1: RAG Status | G1: Planned Budget (INR) | H1: Actual Spend to Date (INR) | I1: Planned Spend to Date (INR) | J1: Budget Variance % | K1: Open High-Impact Risks | L1: Risk Cost Exposure (INR) | M1: Key Risk / Issue | N1: Next Milestone | O1: Milestone Date
A2: Loan Origination Revamp | B2: Karan Bhatia | C2: Head - Retail Lending | D2: 46259 | E2: 40 | F2: Amber | G2: 8500000 | H2: 3000000 | I2: =G2*E2/100 -> 3400000 | J2: =(H2-I2)/I2 -> -0.11764706 | K2: =COUNTIFS('RAID Log'!$D$2:$D$24,A2,'RAID Log'!$B$2:$B$24,"Risk",'RAID Log'!$G$2:$G$24,"High",'RAID Log'!$I$2:$I$24,"Open") -> 1 | L2: =SUMIFS('RAID Log'!$H$2:$H$24,'RAID Log'!$D$2:$D$24,A2,'RAID Log'!$G$2:$G$24,"High",'RAID Log'!$I$2:$I$24,"Open") -> 450000 | M2: Vendor API delivery slipped by 2 weeks | N2: UAT sign-off | O2: 2026-10-05
A3: Loan Origination Revamp | B3: Karan Bhatia | C3: Head - Retail Lending | D3: 46266 | E3: 45 | F3: Amber | G3: 8500000 | H3: 3600000 | I3: =G3*E3/100 -> 3825000 | J3: =(H3-I3)/I3 -> -0.058823529 | K3: =COUNTIFS('RAID Log'!$D$2:$D$24,A3,'RAID Log'!$B$2:$B$24,"Risk",'RAID Log'!$G$2:$G$24,"High",'RAID Log'!$I$2:$I$24,"Open") -> 1 | L3: =SUMIFS('RAID Log'!$H$2:$H$24,'RAID Log'!$D$2:$D$24,A3,'RAID Log'!$G$2:$G$24,"High",'RAID Log'!$I$2:$I$24,"Open") -> 450000 | M3: Vendor API delivery slipped by 2 weeks | N3: UAT sign-off | O3: 2026-10-05
A4: Loan Origination Revamp | B4: Karan Bhatia | C4: Head - Retail Lending | D4: 46273 | E4: 50 | F4: Amber | G4: 8500000 | H4: 4300000 | I4: =G4*E4/100 -> 4250000 | J4: =(H4-I4)/I4 -> 0.011764706 | K4: =COUNTIFS('RAID Log'!$D$2:$D$24,A4,'RAID Log'!$B$2:$B$24,"Risk",'RAID Log'!$G$2:$G$24,"High",'RAID Log'!$I$2:$I$24,"Open") -> 1 | L4: =SUMIFS('RAID Log'!$H$2:$H$24,'RAID Log'!$D$2:$D$24,A4,'RAID Log'!$G$2:$G$24,"High",'RAID Log'!$I$2:$I$24,"Open") -> 450000 | M4: Vendor API delivery slipped by 2 weeks | N4: UAT sign-off | O4: 2026-10-05
A5: Loan Origination Revamp | B5: Karan Bhatia | C5: Head - Retail Lending | D5: 46280 | E5: 55 | F5: Amber | G5: 8500000 | H5: 5100000 | I5: =G5*E5/100 -> 4675000 | J5: =(H5-I5)/I5 -> 0.090909091 | K5: =COUNTIFS('RAID Log'!$D$2:$D$24,A5,'RAID Log'!$B$2:$B$24,"Risk",'RAID Log'!$G$2:$G$24,"High",'RAID Log'!$I$2:$I$24,"Open") -> 1 | L5: =SUMIFS('RAID Log'!$H$2:$H$24,'RAID Log'!$D$2:$D$24,A5,'RAID Log'!$G$2:$G$24,"High",'RAID Log'!$I$2:$I$24,"Open") -> 450000 | M5: Vendor API delivery slipped by 2 weeks | N5: UAT sign-off | O5: 2026-10-05
A6: Collections Dashboard | B6: Karan Bhatia | C6: Head - Collections | D6: 46259 | E6: 65 | F6: Green | G6: 3200000 | H6: 1800000 | I6: =G6*E6/100 -> 2080000 | J6: =(H6-I6)/I6 -> -0.13461538 | K6: =COUNTIFS('RAID Log'!$D$2:$D$24,A6,'RAID Log'!$B$2:$B$24,"Risk",'RAID Log'!$G$2:$G$24,"High",'RAID Log'!$I$2:$I$24,"Open") -> 0 | L6: =SUMIFS('RAID Log'!$H$2:$H$24,'RAID Log'!$D$2:$D$24,A6,'RAID Log'!$G$2:$G$24,"High",'RAID Log'!$I$2:$I$24,"Open") -> 0 | M6: None flagged | N6: Go-live | O6: 2026-09-25
A7: Collections Dashboard | B7: Karan Bhatia | C7: Head - Collections | D7: 46266 | E7: 70 | F7: Green | G7: 3200000 | H7: 2100000 | I7: =G7*E7/100 -> 2240000 | J7: =(H7-I7)/I7 -> -0.0625 | K7: =COUNTIFS('RAID Log'!$D$2:$D$24,A7,'RAID Log'!$B$2:$B$24,"Risk",'RAID Log'!$G$2:$G$24,"High",'RAID Log'!$I$2:$I$24,"Open") -> 0 | L7: =SUMIFS('RAID Log'!$H$2:$H$24,'RAID Log'!$D$2:$D$24,A7,'RAID Log'!$G$2:$G$24,"High",'RAID Log'!$I$2:$I$24,"Open") -> 0 | M7: None flagged | N7: Go-live | O7: 2026-09-25
A8: Collections Dashboard | B8: Karan Bhatia | C8: Head - Collections | D8: 46273 | E8: 75 | F8: Green | G8: 3200000 | H8: 2450000 | I8: =G8*E8/100 -> 2400000 | J8: =(H8-I8)/I8 -> 0.020833333 | K8: =COUNTIFS('RAID Log'!$D$2:$D$24,A8,'RAID Log'!$B$2:$B$24,"Risk",'RAID Log'!$G$2:$G$24,"High",'RAID Log'!$I$2:$I$24,"Open") -> 0 | L8: =SUMIFS('RAID Log'!$H$2:$H$24,'RAID Log'!$D$2:$D$24,A8,'RAID Log'!$G$2:$G$24,"High",'RAID Log'!$I$2:$I$24,"Open") -> 0 | M8: None flagged | N8: Go-live | O8: 2026-09-25
A9: Collections Dashboard | B9: Karan Bhatia | C9: Head - Collections | D9: 46280 | E9: 80 | F9: Green | G9: 3200000 | H9: 2700000 | I9: =G9*E9/100 -> 2560000 | J9: =(H9-I9)/I9 -> 0.0546875 | K9: =COUNTIFS('RAID Log'!$D$2:$D$24,A9,'RAID Log'!$B$2:$B$24,"Risk",'RAID Log'!$G$2:$G$24,"High",'RAID Log'!$I$2:$I$24,"Open") -> 0 | L9: =SUMIFS('RAID Log'!$H$2:$H$24,'RAID Log'!$D$2:$D$24,A9,'RAID Log'!$G$2:$G$24,"High",'RAID Log'!$I$2:$I$24,"Open") -> 0 | M9: None flagged | N9: Go-live | O9: 2026-09-25
A10: Vendor Onboarding Portal | B10: Priya Nair | C10: Head - Procurement | D10: 46259 | E10: 15 | F10: Amber | G10: 5000000 | H10: 1200000 | I10: =G10*E10/100 -> 750000 | J10: =(H10-I10)/I10 -> 0.6 | K10: =COUNTIFS('RAID Log'!$D$2:$D$24,A10,'RAID Log'!$B$2:$B$24,"Risk",'RAID Log'!$G$2:$G$24,"High",'RAID Log'!$I$2:$I$24,"Open") -> 2 | L10: =SUMIFS('RAID Log'!$H$2:$H$24,'RAID Log'!$D$2:$D$24,A10,'RAID Log'!$G$2:$G$24,"High",'RAID Log'!$I$2:$I$24,"Open") -> 1300000 | M10: Spend outpacing progress; migration approach unresolved | N10: Migration plan sign-off | O10: 2026-09-22
A11: Vendor Onboarding Portal | B11: Priya Nair | C11: Head - Procurement | D11: 46266 | E11: 20 | F11: Amber | G11: 5000000 | H11: 1900000 | I11: =G11*E11/100 -> 1000000 | J11: =(H11-I11)/I11 -> 0.9 | K11: =COUNTIFS('RAID Log'!$D$2:$D$24,A11,'RAID Log'!$B$2:$B$24,"Risk",'RAID Log'!$G$2:$G$24,"High",'RAID Log'!$I$2:$I$24,"Open") -> 2 | L11: =SUMIFS('RAID Log'!$H$2:$H$24,'RAID Log'!$D$2:$D$24,A11,'RAID Log'!$G$2:$G$24,"High",'RAID Log'!$I$2:$I$24,"Open") -> 1300000 | M11: Spend outpacing progress; migration approach unresolved | N11: Migration plan sign-off | O11: 2026-09-22
A12: Vendor Onboarding Portal | B12: Priya Nair | C12: Head - Procurement | D12: 46273 | E12: 25 | F12: Red | G12: 5000000 | H12: 2800000 | I12: =G12*E12/100 -> 1250000 | J12: =(H12-I12)/I12 -> 1.24 | K12: =COUNTIFS('RAID Log'!$D$2:$D$24,A12,'RAID Log'!$B$2:$B$24,"Risk",'RAID Log'!$G$2:$G$24,"High",'RAID Log'!$I$2:$I$24,"Open") -> 2 | L12: =SUMIFS('RAID Log'!$H$2:$H$24,'RAID Log'!$D$2:$D$24,A12,'RAID Log'!$G$2:$G$24,"High",'RAID Log'!$I$2:$I$24,"Open") -> 1300000 | M12: Spend outpacing progress; migration approach unresolved | N12: Migration plan sign-off | O12: 2026-09-22
A13: Vendor Onboarding Portal | B13: Priya Nair | C13: Head - Procurement | D13: 46280 | E13: 30 | F13: Red | G13: 5000000 | H13: 3900000 | I13: =G13*E13/100 -> 1500000 | J13: =(H13-I13)/I13 -> 1.6 | K13: =COUNTIFS('RAID Log'!$D$2:$D$24,A13,'RAID Log'!$B$2:$B$24,"Risk",'RAID Log'!$G$2:$G$24,"High",'RAID Log'!$I$2:$I$24,"Open") -> 2 | L13: =SUMIFS('RAID Log'!$H$2:$H$24,'RAID Log'!$D$2:$D$24,A13,'RAID Log'!$G$2:$G$24,"High",'RAID Log'!$I$2:$I$24,"Open") -> 1300000 | M13: Spend outpacing progress; migration approach unresolved | N13: Migration plan sign-off | O13: 2026-09-22
... A29: Branch Analytics Rollout | B29: Suresh Iyer | C29: Head - Network Ops | D29: 46280 | E29: 45 | F29: Amber | G29: 3500000 | H29: 2600000 | I29: =G29*E29/100 -> 1575000 | J29: =(H29-I29)/I29 -> 0.65079365 | K29: =COUNTIFS('RAID Log'!$D$2:$D$24,A29,'RAID Log'!$B$2:$B$24,"Risk",'RAID Log'!$G$2:$G$24,"High",'RAID Log'!$I$2:$I$24,"Open") -> 0 | L29: =SUMIFS('RAID Log'!$H$2:$H$24,'RAID Log'!$D$2:$D$24,A29,'RAID Log'!$G$2:$G$24,"High",'RAID Log'!$I$2:$I$24,"Open") -> 0 | M29: Recovering after early adoption issues; Wk4 resourcing surge underway | N29: Regional rollout complete | O29: 2026-10-08

Sheet RAID Log
A1: ID | B1: Type | C1: Category | D1: Project Name | E1: Description | F1: Owner | G1: Impact | H1: Estimated Cost Impact (INR) | I1: Status | J1: Date Raised | K1: Target Resolution
A2: RAID-001 | B2: Risk | C2: Vendor/Third-Party | D2: Loan Origination Revamp | E2: Vendor may miss API delivery date again | F2: Rohan Mehta | G2: High | H2: 450000 | I2: Open | J2: 2026-09-01 | K2: 2026-09-20
A3: RAID-002 | B3: Issue | C3: Technical | D3: Loan Origination Revamp | E3: Test environment unavailable for 3 days | F3: Aditi Rao | G3: Medium | H3: 80000 | I3: Mitigated | J3: 2026-08-28 | K3: 2026-09-05
A4: RAID-003 | B4: Risk | C4: Resourcing | D4: Loan Origination Revamp | E4: Business Analyst bandwidth shrinking as allocation rises elsewhere | F4: Priya Nair | G4: Medium | H4: 0 | I4: Open | J4: 2026-09-10 | K4: 2026-09-25
A5: RAID-004 | B5: Assumption | C5: Data | D5: Collections Dashboard | E5: Source data feed remains unchanged through go-live | F5: Vikram Joshi | G5: Low | H5: 0 | I5: Open | J5: 2026-09-02 | K5: 2026-09-25
A6: RAID-005 | B6: Dependency | C6: Technical | D6: Collections Dashboard | E6: Depends on Data Warehouse refresh job completing nightly | F6: Karan Bhatia | G6: Medium | H6: 0 | I6: Open | J6: 2026-09-03 | K6: 2026-09-25
A7: RAID-006 | B7: Issue | C7: Process | D7: Collections Dashboard | E7: Sign-off checklist missing two approver signatures | F7: Karan Bhatia | G7: Low | H7: 0 | I7: Closed | J7: 2026-08-20 | K7: 2026-08-27
A8: RAID-007 | B8: Risk | C8: Process | D8: Vendor Onboarding Portal | E8: Data migration approach not yet approved by Legal | F8: Priya Nair | G8: High | H8: 600000 | I8: Open | J8: 2026-09-04 | K8: 2026-09-22
A9: RAID-008 | B9: Risk | C9: Resourcing | D9: Vendor Onboarding Portal | E9: Key vendor SME on extended leave | F9: Sneha Kulkarni | G9: Medium | H9: 150000 | I9: Open | J9: 2026-09-06 | K9: 2026-09-30
A10: RAID-009 | B10: Issue | C10: Data | D10: Vendor Onboarding Portal | E10: Duplicate vendor records found in source system | F10: Farida Sheikh | G10: Medium | H10: 100000 | I10: Open | J10: 2026-09-08 | K10: 2026-09-28
A11: RAID-010 | B11: Risk | C11: Financial | D11: Vendor Onboarding Portal | E11: Spend is outpacing progress, budget overrun likely if unaddressed | F11: Priya Nair | G11: High | H11: 700000 | I11: Open | J11: 2026-09-12 | K11: 2026-09-26
A12: RAID-011 | B12: Risk | C12: Regulatory/Compliance | D12: Compliance Reporting Upgrade | E12: Regulator may change submission format before release | F12: Amit Deshmukh | G12: High | H12: 350000 | I12: Open | J12: 2026-08-20 | K12: 2026-10-12
A13: RAID-012 | B13: Assumption | C13: Regulatory/Compliance | D13: Compliance Reporting Upgrade | E13: Current regulatory templates remain valid till Q4 review | F13: Priya Nair | G13: Low | H13: 0 | I13: Open | J13: 2026-08-20 | K13: 2026-10-12
... A24: RAID-023 | B24: Risk | C24: Financial | D24: Branch Analytics Rollout | E24: Recovery push in Wk4 may require unbudgeted contractor support | F24: Suresh Iyer | G24: Medium | H24: 180000 | I24: Open | J24: 2026-09-13 | K24: 2026-09-30
